Title,Year,Network,Genre,Main_Cast,Episodes,Avg_Rating
Eternal Bloom,2020,tvN,"Romance, Fantasy","Park Seo-joon, Bae Suzy",16,8.7
Echoes of the Past,2021,KBS2,"Thriller, Mystery","Ji Chang-wook, Kim Go-eun",12,8.9
The Secret Heir,2019,SBS,"Melodrama, Romance","Lee Min-ho, Son Ye-jin",20,8.2
Our Summer Days,2022,Netflix,"Slice-of-Life, Youth","Choi Woo-shik, Kim Da-mi",16,9.1
Vagabond Chef,2018,OCN,"Action, Food","Ma Dong-seok, Lee Dong-wook",16,8.5
Kingdom of Ashes,2023,Netflix,"Historical, Political","Ju Ji-hoon, Jun Ji-hyun",16,8.8
Hello My Twenties!,2017,JTBC,"Slice-of-Life, Drama","Han Ye-ri, Han Seung-yeon",12,8.6
The Last Code,2021,tvN,"Sci-Fi, Thriller","Lee Je-hoon, Park Bo-gum",16,8.4
My Lawyer Mr. Lee,2020,SBS,"Legal, Comedy","Lee Sun-kyun, Kwon Nara",18,8.0
Moonlight Sonata,2019,MBC,"Musical, Romance","Kim Soo-hyun, IU",16,8.3
Strong Girl Nam-soon,2023,JTBC,"Action, Comedy","Lee Yoo-mi, Kim Jung-eun",16,8.7
The Red Sleeve,2021,MBC,"Historical, Romance","Lee Jun-ho, Lee Se-young",17,9.0
Hometown Cha-Cha-Cha,2021,tvN,"Romance, Comedy","Shin Min-a, Kim Seon-ho",16,8.9
Squid Game,2021,Netflix,"Thriller, Survival","Lee Jung-jae, Park Hae-soo",9,8.3
Crash Landing on You,2019,tvN,"Romance, Drama","Hyun Bin, Son Ye-jin",16,8.7
Vincenzo,2021,tvN,"Crime, Comedy","Song Joong-ki, Jeon Yeo-been",20,8.5
Itaewon Class,2020,JTBC,"Drama, Business","Park Seo-joon, Kim Da-mi",16,8.2
Guardian: The Lonely and Great God,2016,tvN,"Fantasy, Romance","Gong Yoo, Kim Go-eun",16,8.6
It's Okay to Not Be Okay,2020,tvN,"Drama, Romance","Kim Soo-hyun, Seo Ye-ji",16,8.7
The Glory,2022,Netflix,"Thriller, Drama","Song Hye-kyo, Lee Do-hyun",16,8.1
Hotel del Luna,2019,tvN,"Fantasy, Romance","IU, Yeo Jin-goo",16,8.5
Signal,2016,tvN,"Crime, Fantasy","Lee Je-hoon, Kim Hye-soo",16,9.0
Reply 1988,2015,tvN,"Family, Slice-of-Life","Lee Hye-ri, Park Bo-gum",20,9.3
Descendants of the Sun,2016,KBS2,"Romance, Action","Song Joong-ki, Song Hye-kyo",16,8.3
Mr. Sunshine,2018,tvN,"Historical, Drama","Lee Byung-hun, Kim Tae-ri",24,8.8
Goblin,2016,tvN,"Fantasy, Romance","Gong Yoo, Kim Go-eun",16,8.8
What's Wrong with Secretary Kim,2018,tvN,"Romance, Comedy","Park Seo-joon, Park Min-young",16,8.1
True Beauty,2020,tvN,"Romance, Comedy","Moon Ga-young, Cha Eun-woo",16,8.0
Start-Up,2020,tvN,"Drama, Business","Bae Suzy, Nam Joo-hyuk",16,8.0
Extraordinary Attorney Woo,2022,ENA,"Legal, Drama","Park Eun-bin, Kang Tae-oh",16,8.9
Alchemy of Souls,2022,tvN,"Fantasy, Historical","Lee Jae-wook, Jung So-min",20,8.8
Twenty-Five Twenty-One,2022,tvN,"Romance, Drama","Kim Tae-ri, Nam Joo-hyuk",16,8.7
Little Women,2022,tvN,"Thriller, Drama","Kim Go-eun, Nam Ji-hyun",12,8.6
Business Proposal,2022,SBS,"Romance, Comedy","Ahn Hyo-seop, Kim Se-jeong",12,8.2
All of Us Are Dead,2022,Netflix,"Thriller, Horror","Park Ji-hoo, Yoon Chan-young",12,7.6
The Uncanny Counter,2020,OCN,"Action, Fantasy","Jo Byung-gyu, Kim Se-jeong",16,8.6
Prison Playbook,2017,tvN,"Drama, Comedy","Park Hae-soo, Jung Kyung-ho",16,8.8
Healer,2014,KBS2,"Action, Romance","Ji Chang-wook, Park Min-young",20,8.7
My Love from the Star,2013,SBS,"Romance, Fantasy","Kim Soo-hyun, Jun Ji-hyun",21,8.5
Weightlifting Fairy Kim Bok-joo,2016,MBC,"Romance, Youth","Lee Sung-kyung, Nam Joo-hyuk",16,8.5
While You Were Sleeping,2017,SBS,"Fantasy, Legal","Lee Jong-suk, Bae Suzy",32,8.5
W: Two Worlds,2016,MBC,"Fantasy, Thriller","Lee Jong-suk, Han Hyo-joo",16,8.2
The K2,2016,tvN,"Action, Political","Ji Chang-wook, Yoona",16,8.0
Her Private Life,2019,tvN,"Romance, Comedy","Park Min-young, Kim Jae-wook",16,8.1
Something in the Rain,2018,JTBC,"Romance, Drama","Son Ye-jin, Jung Hae-in",16,8.0
One Spring Night,2019,MBC,"Romance, Drama","Jung Hae-in, Han Ji-min",32,8.1
My Mister,2018,tvN,"Drama, Slice-of-Life","Lee Sun-kyun, IU",16,9.2
Misaeng,2014,tvN,"Drama, Business","Im Si-wan, Lee Sung-min",20,8.9
Flower of Evil,2020,tvN,"Thriller, Romance","Lee Joon-gi, Moon Chae-won",16,8.8
Sky Castle,2018,JTBC,"Drama, Satire","Yum Jung-ah, Lee Tae-ran",20,8.5
Moonlight Garden,2023,JTBC,"Romance, Melodrama","Ji Chang-wook, Shin Min-a",16,8.4
Silent Sea,2022,Netflix,"Sci-Fi, Thriller","Bae Doona, Gong Yoo",8,7.8
Youth of May,2021,KBS2,"Historical, Romance","Lee Do-hyun, Go Min-si",12,8.7
The King's Affection,2021,KBS2,"Historical, Romance","Park Eun-bin, Rowoon",20,8.2
Stranger,2017,tvN,"Crime, Legal","Cho Seung-woo, Bae Doona",16,8.8
Hospital Playlist,2020,tvN,"Medical, Drama","Jo Jung-suk, Yoo Yeon-seok",12,8.9
Romance is a Bonus Book,2019,tvN,"Romance, Drama","Lee Jong-suk, Lee Na-young",16,8.0
When the Camellia Blooms,2019,KBS2,"Romance, Thriller","Gong Hyo-jin, Kang Ha-neul",20,8.3
The Fiery Priest,2019,SBS,"Comedy, Action","Kim Nam-gil, Kim Sung-kyun",20,8.5
Chief of Staff,2019,JTBC,"Political, Drama","Lee Jung-jae, Shin Min-a",10,8.1
Arthdal Chronicles,2019,tvN,"Fantasy, Historical","Song Joong-ki, Kim Ji-won",18,8.2
Search: WWW,2019,tvN,"Drama, Business","Im Soo-jung, Lee Da-hee",16,8.3
The Crowned Clown,2019,tvN,"Historical, Drama","Yeo Jin-goo, Lee Se-young",16,8.4
Touch Your Heart,2019,tvN,"Romance, Comedy","Yoo In-na, Lee Dong-wook",16,8.0
The Light in Your Eyes,2019,JTBC,"Fantasy, Drama","Han Ji-min, Kim Hye-ja",12,8.5
Doctor John,2019,SBS,"Medical, Drama","Ji Sung, Lee Se-young",16,8.2
Vagabond,2019,SBS,"Action, Thriller","Lee Seung-gi, Bae Suzy",16,8.1
Melting Me Softly,2019,tvN,"Romance, Sci-Fi","Ji Chang-wook, Won Jin-ah",16,7.5
Chocolate,2019,JTBC,"Romance, Melodrama","Yoon Kye-sang, Ha Ji-won",16,8.0
The World of the Married,2020,JTBC,"Drama, Thriller","Kim Hee-ae, Park Hae-joon",16,8.9
Record of Youth,2020,tvN,"Drama, Romance","Park Bo-gum, Park So-dam",16,7.8
Tale of the Nine Tailed,2020,tvN,"Fantasy, Romance","Lee Dong-wook, Jo Bo-ah",16,8.1
Do Do Sol Sol La La Sol,2020,KBS2,"Romance, Comedy","Go Ara, Lee Jae-wook",16,7.9
Run On,2020,JTBC,"Romance, Drama","Im Si-wan, Shin Se-kyung",16,8.1
Lovestruck in the City,2020,KakaoTV,"Romance, Mockumentary","Ji Chang-wook, Kim Ji-won",17,8.0
She Would Never Know,2021,JTBC,"Romance, Drama","Ro Woon, Won Jin-ah",16,7.8
River Where the Moon Rises,2021,KBS2,"Historical, Romance","Kim So-hyun, Ji Soo",20,7.9
Beyond Evil,2021,JTBC,"Thriller, Crime","Shin Ha-kyun, Yeo Jin-goo",16,8.8
Mouse,2021,tvN,"Thriller, Mystery","Lee Seung-gi, Lee Hee-joon",20,8.7
Law School,2021,JTBC,"Legal, Drama","Kim Myung-min, Kim Bum",16,8.0
Mine,2021,tvN,"Drama, Mystery","Lee Bo-young, Kim Seo-hyung",16,8.1
Racket Boys,2021,SBS,"Sports, Comedy","Kim Sang-kyung, Tang Jun-sang",16,8.4
The Devil Judge,2021,tvN,"Legal, Thriller","Ji Sung, Kim Min-jung",16,8.2
You Are My Spring,2021,tvN,"Romance, Thriller","Seo Hyun-jin, Kim Dong-wook",16,8.0
Hospital Playlist 2,2021,tvN,"Medical, Drama","Jo Jung-suk, Yoo Yeon-seok",12,8.9
Yumi's Cells,2021,tvN,"Romance, Animation","Kim Go-eun, Ahn Bo-hyun",14,8.2
Jirisan,2021,tvN,"Thriller, Mystery","Jun Ji-hyun, Ju Ji-hoon",16,7.8
Now We Are Breaking Up,2021,SBS,"Romance, Drama","Song Hye-kyo, Jang Ki-yong",16,7.2
Snowdrop,2021,JTBC,"Romance, Political","Jung Hae-in, Jisoo",16,7.5
Our Beloved Summer,2021,SBS,"Romance, Comedy","Choi Woo-shik, Kim Da-mi",16,8.7
Bulgasal: Immortal Souls,2021,tvN,"Fantasy, Thriller","Lee Jin-wook, Kwon Nara",16,7.8
Bad and Crazy,2021,tvN,"Action, Comedy","Lee Dong-wook, Wi Ha-joon",12,8.1
Artificial City,2021,JTBC,"Drama, Thriller","Soo Ae, Kim Kang-woo",20,7.8
Through the Darkness,2022,SBS,"Crime, Thriller","Kim Nam-gil, Jin Seon-kyu",12,8.5
Forecasting Love and Weather,2022,JTBC,"Romance, Drama","Park Min-young, Song Kang",16,7.2
Military Prosecutor Doberman,2022,tvN,"Legal, Action","Ahn Bo-hyun, Jo Bo-ah",16,7.8
A Business Proposal,2022,SBS,"Romance, Comedy","Ahn Hyo-seop, Kim Se-jeong",12,8.2
Thirty-Nine,2022,JTBC,"Drama, Friendship","Son Ye-jin, Jeon Mi-do",12,7.8
The Sound of Magic,2022,Netflix,"Musical, Fantasy","Ji Chang-wook, Choi Sung-eun",6,7.8
Our Blues,2022,tvN,"Drama, Slice-of-Life","Lee Byung-hun, Shin Min-a",20,8.4
Again My Life,2022,SBS,"Fantasy, Legal","Lee Joon-gi, Lee Kyung-young",16,8.1
My Liberation Notes,2022,JTBC,"Drama, Slice-of-Life","Lee Min-ki, Kim Ji-won",16,8.8
Shooting Stars,2022,tvN,"Romance, Comedy","Lee Sung-kyung, Kim Young-dae",16,8.0
Why Her,2022,SBS,"Legal, Drama","Hwang In-yeop, Seo Hyun-jin",16,7.9
Insider,2022,JTBC,"Legal, Thriller","Kang Ha-neul, Lee Yoo-young",16,8.2
Big Mouth,2022,MBC,"Crime, Thriller","Lee Jong-suk, Yoona",16,8.2
The Law Cafe,2022,KBS2,"Legal, Romance","Lee Seung-gi, Lee Se-young",16,8.0
One Dollar Lawyer,2022,SBS,"Legal, Comedy","Namgoong Min, Kim Ji-eun",16,8.3
May I Help You,2022,MBC,"Fantasy, Romance","Lee Hye-ri, Lee Jun-young",16,7.8
Reborn Rich,2022,JTBC,"Fantasy, Business","Song Joong-ki, Lee Sung-min",16,8.9
The First Responders,2022,SBS,"Action, Drama","Kim Rae-won, Son Ho-jun",16,7.8
Island,2022,TVING,"Fantasy, Horror","Kim Nam-gil, Lee Da-hee",10,7.5
Missing: The Other Side,2020,OCN,"Fantasy, Crime","Go Soo, Heo Joon-ho",12,8.1
The Good Detective,2020,JTBC,"Crime, Drama","Son Hyun-joo, Jang Seung-jo",16,8.2
Sweet Home,2020,Netflix,"Horror, Thriller","Song Kang, Lee Jin-wook",10,7.8
Awaken,2020,tvN,"Thriller, Mystery","Namgoong Min, Lee Chung-ah",16,7.9
Cheat on Me If You Can,2020,KBS2,"Mystery, Comedy","Go Joon, Cho Yeo-jeong",16,7.5
The Spies Who Loved Me,2020,MBC,"Romance, Action","Eric Mun, Yoo In-na",16,7.6
Kairos,2020,MBC,"Fantasy, Thriller","Shin Sung-rok, Lee Se-young",16,8.3
Birthcare Center,2020,tvN,"Comedy, Drama","Uhm Ji-won, Park Ha-sun",8,8.0
Live On,2020,JTBC,"Romance, School","Jung Da-bin, Hwang Min-hyun",8,7.4
Mr. Queen,2020,tvN,"Historical, Comedy","Shin Hye-sun, Kim Jung-hyun",20,8.8
A Love So Beautiful,2020,KakaoTV,"Romance, Youth","Kim Yo-han, So Joo-yeon",24,7.2
L.U.C.A.: The Beginning,2021,tvN,"Action, Sci-Fi","Kim Rae-won, Lee Da-hee",12,7.3
Sisyphus: The Myth,2021,JTBC,"Sci-Fi, Thriller","Cho Seung-woo, Park Shin-hye",16,6.8
Times,2021,OCN,"Fantasy, Thriller","Lee Seo-jin, Lee Joo-young",12,7.6
Oh My Ladylord,2021,MBC,"Romance, Comedy","Lee Min-ki, Nana",16,6.5
Sell Your Haunted House,2021,KBS2,"Fantasy, Comedy","Jang Na-ra, Jung Yong-hwa",16,8.0
Doom at Your Service,2021,tvN,"Fantasy, Romance","Park Bo-young, Seo In-guk",16,7.8
The Penthouse: War in Life,2020,SBS,"Drama, Thriller","Eugene, Kim So-yeon",21,8.0
Taxi Driver,2021,SBS,"Action, Crime","Lee Je-hoon, Esom",16,8.2
Navillera,2021,tvN,"Drama, Slice-of-Life","Park In-hwan, Song Kang",12,8.9
Move to Heaven,2021,Netflix,"Drama, Slice-of-Life","Lee Je-hoon, Tang Jun-sang",10,8.7
So I Married an Anti-Fan,2021,Naver TV,"Romance, Comedy","Choi Soo-young, Choi Tae-joon",16,6.8
At a Distance Spring Is Green,2021,KBS2,"Romance, Youth","Park Ji-hoon, Kang Min-ah",12,7.8
The Witch's Diner,2021,TVING,"Fantasy, Horror","Song Ji-hyo, Nam Ji-hyun",8,7.5
Police University,2021,KBS2,"Crime, Romance","Cha Tae-hyun, Jinyoung",16,7.6
Hometown,2021,tvN,"Thriller, Mystery","Yoo Jae-myung, Han Ye-ri",12,7.8
Dali and the Cocky Prince,2021,KBS2,"Romance, Comedy","Kim Min-jae, Park Gyu-young",16,8.2
The Veil,2021,MBC,"Action, Thriller","Namgoong Min, Park Ha-sun",12,8.1
One the Woman,2021,SBS,"Comedy, Legal","Lee Ha-nee, Lee Sang-yoon",16,8.0
High Class,2021,tvN,"Mystery, Drama","Cho Yeo-jeong, Kim Ji-soo",16,7.5
Yumi's Cells 2,2022,tvN,"Romance, Animation","Kim Go-eun, Jinyoung",14,8.3
Eve,2022,tvN,"Drama, Romance","Seo Yea-ji, Park Byung-eun",16,7.2
Jinxed at First,2022,KBS2,"Fantasy, Romance","Na In-woo, Seohyun",16,6.5
Cleaning Up,2022,JTBC,"Drama, Crime","Yum Jung-ah, Jeon So-min",16,7.8
Doctor Lawyer,2022,MBC,"Medical, Legal","So Ji-sub, Shin Sung-rok",16,7.7
Cafe Minamdang,2022,KBS2,"Comedy, Mystery","Seo In-guk, Oh Yeon-seo",18,7.2
Adamas,2022,tvN,"Mystery, Thriller","Ji Sung, Lee Soo-kyung",16,7.5
Today's Webtoon,2022,SBS,"Drama, Comedy","Kim Se-jeong, Choi Daniel",16,7.4
Good Job,2022,ENA,"Romance, Comedy","Jung Il-woo, Kwon Yu-ri",12,7.6
If You Wish Upon Me,2022,KBS2,"Drama, Healing","Ji Chang-wook, Choi Soo-young",16,8.1
Blind,2022,tvN,"Thriller, Mystery","Ok Taec-yeon, Ha Seok-jin",16,7.8
The Golden Spoon,2022,MBC,"Fantasy, Drama","Yook Sung-jae, Lee Jong-won",16,7.9
Love in Contract,2022,tvN,"Romance, Comedy","Park Min-young, Go Kyung-pyo",16,7.5
The Empire,2022,JTBC,"Drama, Legal","Kim Sun-a, Ahn Jae-wook",16,6.8
Three Bold Siblings,2022,KBS2,"Drama, Family","Lee Ha-nee, Kim Myung-soo",50,7.2
Curtain Call,2022,KBS2,"Drama, Mystery","Kang Ha-neul, Ha Ji-won",16,7.8
Revenant,2023,SBS,"Horror, Mystery","Kim Tae-ri, Oh Jung-se",12,8.9
The Good Bad Mother,2023,JTBC,"Drama, Comedy","Lee Do-hyun, Ra Mi-ran",14,8.5
Doctor Cha,2023,JTBC,"Medical, Comedy","Uhm Jung-hwa, Kim Byung-chul",16,8.2
Tale of the Nine Tailed 1938,2023,tvN,"Fantasy, Action","Lee Dong-wook, Kim So-yeon",12,8.4
Black Knight,2023,Netflix,"Sci-Fi, Action","Kim Woo-bin, Song Seung-heon",6,6.8
King the Land,2023,JTBC,"Romance, Comedy","Lee Jun-ho, Yoona",16,8.0
See You in My 19th Life,2023,tvN,"Fantasy, Romance","Shin Hye-sun, Ahn Bo-hyun",12,8.1
Heartbeat,2023,KBS2,"Fantasy, Romance","Ok Taec-yeon, Won Ji-an",16,7.2
Duty After School,2023,TVING,"Sci-Fi, Thriller","Shin Hyun-soo, Lee Soon-won",6,6.5
Pandora: Beneath the Paradise,2023,tvN,"Thriller, Drama","Lee Ji-ah, Lee Sang-yoon",16,7.4
Oasis,2023,KBS2,"Historical, Romance","Jang Dong-yoon, Seol In-ah",16,7.8
The Real Has Come!,2023,KBS2,"Romance, Comedy","Ahn Jae-hyun, Baek Jin-hee",50,7.1
Family: The Unbreakable Bond,2023,tvN,"Action, Comedy","Jang Hyuk, Jang Na-ra",12,7.3
Stealer: The Treasure Keeper,2023,tvN,"Action, Comedy","Joo Won, Lee Joo-woo",12,7.6
Delightfully Deceitful,2023,tvN,"Legal, Drama","Chun Woo-hee, Kim Dong-wook",16,7.8
Celebrity,2023,Netflix,"Drama, Thriller","Park Gyu-young, Kang Min-hyuk",12,6.9
The Killing Vote,2023,SBS,"Thriller, Crime","Park Hae-jin, Park Sung-woong",12,7.7
The Worst of Evil,2023,Disney+,"Crime, Action","Ji Chang-wook, Wi Ha-joon",12,8.4
A Time Called You,2023,Netflix,"Romance, Fantasy","Ahn Hyo-seop, Jeon Yeo-been",12,7.5
The Kidnapping Day,2023,ENA,"Comedy, Thriller","Yoon Kye-sang, Park Sung-hoon",12,8.0
My Dearest,2023,MBC,"Historical, Romance","Namgoong Min, Ahn Eun-jin",20,8.8
The Escape of the Seven,2023,SBS,"Thriller, Drama","Uhm Ki-joon, Hwang Jung-eum",16,7.3
Twinkling Watermelon,2023,tvN,"Fantasy, Romance","Ryeoun, Choi Hyun-wook",16,8.8
The Story of Park's Marriage Contract,2023,MBC,"Fantasy, Romance","Bae In-hyuk, Lee Se-young",12,8.2
Moon in the Day,2023,ENA,"Fantasy, Romance","Kim Young-dae, Pyo Ye-jin",14,7.6
Perfect Marriage Revenge,2023,TV Chosun,"Romance, Drama","Sung Hoon, Jung Yoo-min",12,7.8
My Man Is Cupid,2023,Amazon Prime,"Fantasy, Romance","Jang Dong-yoon, Nana",16,7.2
Welcome to Samdal-ri,2023,JTBC,"Romance, Drama","Ji Chang-wook, Shin Hye-sun",16,8.1
Like Flowers in Sand,2023,ENA,"Sports, Romance","Jang Dong-yoon, Lee Joo-myung",12,8.0
Knight Flower,2024,MBC,"Historical, Action","Lee Ha-nee, Lee Jong-won",12,8.2
Marry My Husband,2024,tvN,"Fantasy, Romance","Park Min-young, Na In-woo",16,8.4
Doctor Slump,2024,JTBC,"Romance, Comedy","Park Hyung-sik, Park Shin-hye",16,8.0
A Killer Paradox,2024,Netflix,"Thriller, Crime","Choi Woo-shik, Son Suk-ku",8,7.8
Captivating the King,2024,tvN,"Historical, Romance","Jo Jung-suk, Shin Se-kyung",16,8.1
Flex X Cop,2024,SBS,"Action, Comedy","Ahn Bo-hyun, Park Ji-hyun",16,8.3
Queen of Tears,2024,tvN,"Romance, Drama","Kim Soo-hyun, Kim Ji-won",16,8.7
Wonderful World,2024,MBC,"Thriller, Drama","Kim Nam-joo, Cha Eun-woo",14,7.9
The Midnight Studio,2024,ENA,"Fantasy, Comedy","Joo Won, Kwon Nara",16,8.2
Hide,2024,JTBC,"Thriller, Mystery","Lee Bo-young, Lee Mu-saeng",12,7.8
The Impossible Heir,2024,Disney+,"Drama, Business","Lee Jae-wook, Lee Jun-young",12,7.5
Beauty and Mr. Romantic,2024,KBS2,"Romance, Drama","Im Soo-hyang, Ji Hyun-woo",50,7.2
The Atypical Family,2024,JTBC,"Fantasy, Romance","Jang Ki-yong, Chun Woo-hee",12,8.1
Connection,2024,SBS,"Crime, Thriller","Ji Sung, Jeon Mi-do",16,8.0
Dare to Love Me,2024,KBS2,"Romance, Comedy","Kim Myung-soo, Lee Yoo-young",16,7.4
Crash,2024,ENA,"Crime, Comedy","Lee Min-ki, Kwak Sun-young",12,7.8
The 8 Show,2024,Netflix,"Thriller, Psychological","Ryu Jun-yeol, Chun Woo-hee",8,7.9
Serendipity's Embrace,2024,tvN,"Romance, Drama","Park Seo-joon, Han So-hee",16,8.3
Chronicles of the Forgotten,2024,Netflix,"Historical, Fantasy","Lee Jun-ho, Go Yoon-jung",16,8.1
Echoes of Tomorrow,2024,JTBC,"Sci-Fi, Mystery","Kim Da-mi, Choi Min-ho",16,8.0
The Last Diplomat,2024,SBS,"Political, Thriller","Yoo Yeon-seok, Kim Ji-won",16,8.2
Culinary Dreams,2024,tvN,"Food, Romance","Park Bo-gum, Kim Se-jeong",16,8.4
Scent of Memories,2024,MBC,"Fantasy, Melodrama","Lee Do-hyun, Moon Ga-young",16,8.1
The Red Palace,2023,KBS2,"Historical, Romance","Lee Jun-ho, Park Eun-bin",20,8.7
Silent Echo,2024,TVING,"Thriller, Mystery","Kim Seon-ho, Seo Ye-ji",12,8.9
Midnight Cafe,2022,Netflix,"Fantasy, Slice-of-Life","Park Bo-gum, Kim Go-eun",16,8.8
The Last Heir,2023,JTBC,"Business, Drama","Song Joong-ki, Shin Min-a",16,8.5
Summer Rain,2024,SBS,"Romance, Melodrama","Park Hyung-sik, Kim Da-mi",20,8.6
Code Name: Aurora,2023,OCN,"Action, Spy","Ji Chang-wook, Kim Ji-won",16,8.7
The Forgotten Kingdom,2024,Netflix,"Fantasy, Historical","Lee Jae-wook, Go Yoon-jung",16,8.9
Eternal Promise,2023,MBC,"Historical, Romance","Ahn Hyo-seop, Lee Se-young",24,8.4
Shadow Games,2024,tvN,"Thriller, Psychological","Yoo Yeon-seok, Moon Chae-won",16,8.8
Starlight Serenade,2023,KBS2,"Musical, Romance","Park Eun-bin, Rowoon",16,8.3
The Glass Heart,2024,JTBC,"Medical, Drama","Lee Jong-suk, Park Min-young",16,8.5
Whispers in the Dark,2023,TVING,"Horror, Mystery","Kim Dong-wook, Nana",12,8.6
Autumn Leaves,2024,SBS,"Romance, Family","Ji Sung, Uhm Jung-hwa",50,8.2
The Final Move,2023,Netflix,"Thriller, Crime","Cho Seung-woo, Jeon Do-yeon",8,8.9
Moonlight Rhapsody,2024,MBC,"Fantasy, Romance","Kim Young-dae, Park Gyu-young",16,8.4
Secret Garden 2,2023,SBS,"Fantasy, Romance","Hyun Bin, Ha Ji-won",16,8.7
The Lost Crown,2024,tvN,"Historical, Political","Lee Seung-gi, Bae Suzy",20,8.8
Echoes of You,2023,JTBC,"Romance, Drama","Son Suk-ku, Seohyun",16,8.5
Winter Sonata 2024,2024,KBS2,"Romance, Melodrama","Park Seo-joon, Han So-hee",20,8.6
The Alchemist's Daughter,2023,TVING,"Fantasy, Historical","Shin Hye-sun, ASTRO's Cha Eun-woo",16,8.7
City of Dreams,2024,OCN,"Crime, Action","Lee Je-hoon, Lee Dong-wook",16,8.8
The Secret Ward,2023,MBC,"Medical, Mystery","Kim Rae-won, Jung Ryeo-won",16,8.4
Butterfly Effect,2024,Netflix,"Sci-Fi, Thriller","Park Seo-joon, Kim Tae-ri",10,8.9
The Royal Tailor,2023,SBS,"Historical, Drama","Yoo Jun-sang, Kim Hye-soo",20,8.5
Scent of Spring,2024,JTBC,"Romance, Comedy","Yoon Shi-yoon, Park Bo-young",16,8.3
The Last Witness,2023,tvN,"Legal, Thriller","Namgoong Min, Kim Ah-joong",16,8.8
Moon River,2024,KBS2,"Fantasy, Romance","SF9's Rowoon, Jo Bo-ah",16,8.6
The Silent Sea 2,2024,Netflix,"Sci-Fi, Mystery","Gong Yoo, Bae Doona",8,8.7
The Heir's Game,2023,TVING,"Business, Thriller","Song Kang, Park Joo-hyun",12,8.5
First Love Again,2024,MBC,"Romance, Drama","Jung Hae-in, Kim Go-eun",16,8.9
The Ghost Writer,2023,OCN,"Mystery, Thriller","Yoon Park, Jin Ki-joo",16,8.4
Starlight Hotel,2024,SBS,"Romance, Fantasy","Kim Seon-ho, Park Eun-bin",20,8.7
The Final Countdown,2023,JTBC,"Action, Drama","Ji Chang-wook, Won Jin-ah",16,8.6
Eternal Summer,2024,tvN,"Romance, Youth","Choi Woo-shik, Kim Da-mi",16,8.8
The Secret Agent,2023,Netflix,"Action, Spy","Lee Min-ho, Kim Ji-won",8,8.9
Winter Flower,2024,KBS2,"Historical, Romance","Lee Jun-ho, Shin Se-kyung",20,8.5
The Last Dance,2023,MBC,"Musical, Romance","IU, Park Bo-gum",16,8.7
Shadow and Light,2024,TVING,"Thriller, Supernatural","Ok Taec-yeon, Lee Si-young",12,8.6
The Golden Age,2023,SBS,"Historical, Political","Joo Won, Lee Ha-nee",24,8.8
First Snow,2024,JTBC,"Romance, Melodrama","Yoo Seung-ho, Kim So-hyun",16,8.4
The Secret Room,2023,OCN,"Mystery, Horror","Yoon Kye-sang, Han Ye-ri",16,8.7
Summer Breeze,2024,tvN,"Romance, Comedy","Ahn Hyo-seop, Kim Se-jeong",16,8.5
The Final Chapter,2023,Netflix,"Thriller, Crime","Lee Dong-wook, Wi Ha-joon",10,8.9
Moonlight Sonata 2,2024,KBS2,"Musical, Romance","Kim Soo-hyun, Park Min-young",16,8.6
The Lost Memory,2023,MBC,"Mystery, Drama","Jang Ki-yong, Chun Woo-hee",16,8.4
Eternal Love,2024,SBS,"Romance, Fantasy","Park Hyung-sik, Han Hyo-joo",20,8.7
The Last Stand,2023,JTBC,"Action, Thriller","Joo Won, Esom",16,8.8
Winter Star,2024,tvN,"Romance, Melodrama","Lee Do-hyun, Go Min-si",16,8.5
The Secret Garden 3,2024,TVING,"Fantasy, Romance","Cha Eun-woo, Kim Yoo-jung",12,8.6
The Final Curtain,2023,OCN,"Mystery, Thriller","Lee Joon-gi, Nana",16,8.7
Summer Night,2024,Netflix,"Romance, Youth","Song Kang, Jo Byeong-kyu",8,8.9
The Lost Treasure,2023,KBS2,"Adventure, Historical","Ji Soo, Lee Sung-kyung",20,8.5
Eternal Flame,2024,MBC,"Historical, Romance","Kim Myung-soo, Lee Se-young",16,8.6
The Last Goodbye,2023,SBS,"Romance, Drama","Yoon Shi-yoon, Park Ha-sun",16,8.4
Winter Dream,2024,JTBC,"Fantasy, Romance","Rowoon, Park Gyu-young",16,8.7
The Secret Life,2023,tvN,"Drama, Slice-of-Life","Yoo Jae-myung, Ra Mi-ran",12,8.8
Summer Love,2024,TVING,"Romance, Comedy","Lee Jun-young, Choi Soo-young",10,8.5
The Final Wish,2023,OCN,"Fantasy, Mystery","Yoon Doo-joon, Moon Ga-young",16,8.6
Autumn Breeze,2024,Netflix,"Romance, Drama","Jang Dong-yoon, Bae Da-bin",8,8.7
The Lost Love,2023,KBS2,"Historical, Melodrama","Lee Se-young, Bae In-hyuk",20,8.4
Eternal Sunshine,2024,MBC,"Romance, Comedy","Kim Seon-ho, Seol In-ah",16,8.9
The Last Rose,2023,SBS,"Romance, Drama","Ji Chang-wook, Park Min-young",16,8.5
Winter Tale,2024,JTBC,"Fantasy, Romance","ASTRO's Cha Eun-woo, Kim Dong-hee",16,8.6
The Secret Past,2023,tvN,"Thriller, Mystery","Lee Hee-joon, Lee Yoo-young",12,8.7
Summer Wish,2024,TVING,"Romance, Youth","Choi Hyun-wook, Roh Jeong-eui",10,8.8
The Final Battle,2023,OCN,"Action, War","Kim Nam-gil, Lee Elijah",16,8.9
Autumn Rain,2024,Netflix,"Romance, Melodrama","Ahn Bo-hyun, Honey Lee",8,8.5
The Lost Hope,2023,KBS2,"Historical, Drama","Yoon Seo-ah, Kim Jae-young",20,8.4
Eternal Night,2024,MBC,"Thriller, Horror","Kim Ok-vin, Yoon Park",16,8.7
The Last Letter,2023,SBS,"Romance, Drama","Kim Jae-wook, Jeon Hye-jin",16,8.6
Winter Promise,2024,JTBC,"Romance, Family","Lee Sang-yeob, Wang Ji-won",16,8.5
The Secret Friend,2023,tvN,"Mystery, Thriller","Park Hae-soo, Kim Sung-cheol",12,8.8
Summer Dream,2024,TVING,"Romance, Fantasy","Lee Do-hyun, Go Youn-jung",10,8.7
The Final Test,2023,OCN,"Crime, Legal","Jin Goo, Kim Hyun-joo",16,8.9
Autumn Love,2024,Netflix,"Romance, Comedy","Lee Jun-ho, Yoona",8,8.6
The Lost Path,2023,KBS2,"Historical, Adventure","Na In-woo, Kim So-hye",20,8.5
Eternal Bond,2024,MBC,"Romance, Drama","Lee Jun-ho, IU",16,8.8
The Last Memory,2023,SBS,"Mystery, Romance","Kim Seon-ho, Park Eun-bin",16,8.7
Winter Heart,2024,JTBC,"Romance, Melodrama","Yoo Seung-ho, Park Ji-hyun",16,8.6
The Secret Code,2023,tvN,"Sci-Fi, Thriller","Park Bo-gum, Kim Tae-ri",12,8.9
Summer Magic,2024,TVING,"Fantasy, Romance","Song Kang, Lee Jae-wook",10,8.8
The Final Round,2023,OCN,"Sports, Drama","Jo In-sung, Lee Honey",16,8.7
Autumn Sky,2024,Netflix,"Romance, Slice-of-Life","Park Seo-joon, Han Hyo-joo",8,8.6
The Lost Star,2023,KBS2,"Historical, Romance","Lee Jun-ho, Kim Yoo-jung",20,8.5
Eternal Dream,2024,MBC,"Fantasy, Romance","ASTRO's Cha Eun-woo, Park So-dam",16,8.7
The Last Chance,2023,SBS,"Business, Drama","Ji Sung, Lee Bo-young",16,8.8
Winter Love,2024,JTBC,"Romance, Comedy","Kim Se-jeong, Ahn Hyo-seop",16,8.6
The Secret Mission,2023,tvN,"Action, Spy","Lee Dong-wook, Han Ji-min",12,8.9
Summer Heart,2024,TVING,"Romance, Youth","Choi Min-ho, Jung Chae-yeon",10,8.7
The Final Shot,2023,OCN,"Crime, Action","Jang Ki-yong, Lee Sun-bin",16,8.8
Autumn Wind,2024,Netflix,"Romance, Drama","Yook Sung-jae, Park Hye-su",8,8.6
The Lost Kingdom,2023,KBS2,"Historical, Political","Song Joong-ki, Kim Tae-ri",20,8.9
Eternal Hope,2024,MBC,"Romance, Melodrama","Lee Jun-ho, Shin Hye-sun",16,8.7
The Last Breath,2023,SBS,"Medical, Drama","Go Soo, Uhm Ji-won",16,8.8
Winter Light,2024,JTBC,"Romance, Fantasy","Park Bo-gum, Kim Go-eun",16,8.9
The Secret Love,2023,tvN,"Romance, Comedy","Yoon Shi-yoon, Park Se-wan",12,8.6
Summer Sun,2024,TVING,"Romance, Youth","Lee Do-hyun, Nana",10,8.7
The Final Word,2023,OCN,"Legal, Drama","Kim Myung-min, Ryu Hye-young",16,8.8
Autumn Leaf,2024,Netflix,"Romance, Historical","Lee Seung-gi, Bae Suzy",8,8.9
The Lost Princess,2023,KBS2,"Historical, Romance","Park Eun-bin, Rowoon",20,8.7
Eternal Faith,2024,MBC,"Romance, Drama","Kim Seon-ho, Seol In-ah",16,8.8
The Last Kiss,2023,SBS,"Romance, Melodrama","Ji Chang-wook, Kim Ji-won",16,8.9
Winter Snow,2024,JTBC,"Romance, Fantasy","ASTRO's Cha Eun-woo, Kim Yoo-jung",16,8.7
The Secret Wish,2023,tvN,"Fantasy, Romance","Park Hyung-sik, Han So-hee",12,8.8
The Final Decision,2023,OCN,"Thriller, Mystery","Lee Joon-gi, Seo Ye-ji",16,8.9
Autumn Flower,2024,Netflix,"Romance, Comedy","Ahn Hyo-seop, Kim Se-jeong",8,8.6
The Lost Crown Prince,2023,KBS2,"Historical, Political","Lee Jun-ho, Shin Se-kyung",20,8.8
Eternal Vow,2024,MBC,"Romance, Drama","Park Seo-joon, Park Min-young",16,8.7
The Last Embrace,2023,SBS,"Romance, Melodrama","Yoo Seung-ho, Kim So-hyun",16,8.6
Winter Moon,2024,JTBC,"Fantasy, Romance","Lee Do-hyun, Go Min-si",16,8.8
The Secret Bond,2023,tvN,"Action, Brotherhood","Ji Chang-wook, Park Seo-joon",12,8.9
Summer Breeze 2,2024,TVING,"Romance, Youth","Choi Woo-shik, Kim Da-mi",10,8.7
The Final Victory,2023,OCN,"Sports, Drama","Jo In-sung, Son Ho-jun",16,8.8
Autumn Sun,2024,Netflix,"Romance, Slice-of-Life","Park Bo-gum, IU",8,8.9
The Lost Heir,2023,KBS2,"Historical, Romance","Na In-woo, Park Gyu-young",20,8.7
Eternal Promise 2,2024,MBC,"Romance, Drama","Ahn Hyo-seop, Lee Se-young",16,8.8
The Last Waltz,2023,SBS,"Musical, Romance","Kim Soo-hyun, Park Eun-bin",16,8.9
Winter Rose,2024,JTBC,"Romance, Melodrama","Rowoon, Jo Bo-ah",16,8.7
The Secret Garden 4,2023,tvN,"Fantasy, Romance","Cha Eun-woo, Kim Yoo-jung",12,8.8
Summer Love 2,2024,TVING,"Romance, Comedy","Lee Jun-young, Choi Soo-young",10,8.7
The Final Countdown 2,2023,OCN,"Action, Thriller","Ji Chang-wook, Won Jin-ah",16,8.9
Autumn Leaves 2,2024,Netflix,"Romance, Family","Ji Sung, Uhm Jung-hwa",8,8.6
The Lost Kingdom 2,2023,KBS2,"Historical, Political","Song Joong-ki, Kim Tae-ri",20,8.9
Eternal Love 2,2024,MBC,"Romance, Fantasy","Park Hyung-sik, Han Hyo-joo",16,8.8
The Last Stand 2,2023,SBS,"Action, Thriller","Joo Won, Esom",16,8.9
Winter Star 2,2024,JTBC,"Romance, Melodrama","Lee Do-hyun, Go Min-si",16,8.7
The Secret Past 2,2023,tvN,"Thriller, Mystery","Lee Hee-joon, Lee Yoo-young",12,8.8
Summer Wish 2,2024,TVING,"Romance, Youth","Choi Hyun-wook, Roh Jeong-eui",10,8.9
The Final Battle 2,2023,OCN,"Action, War","Kim Nam-gil, Lee Elijah",16,8.9
Autumn Rain 2,2024,Netflix,"Romance, Melodrama","Ahn Bo-hyun, Honey Lee",8,8.7
The Lost Hope 2,2023,KBS2,"Historical, Drama","Yoon Seo-ah, Kim Jae-young",20,8.6
Eternal Night 2,2024,MBC,"Thriller, Horror","Kim Ok-vin, Yoon Park",16,8.8
The Last Letter 2,2023,SBS,"Romance, Drama","Kim Jae-wook, Jeon Hye-jin",16,8.7
Winter Promise 2,2024,JTBC,"Romance, Family","Lee Sang-yeob, Wang Ji-won",16,8.6
The Secret Friend 2,2023,tvN,"Mystery, Thriller","Park Hae-soo, Kim Sung-cheol",12,8.9
Summer Dream 2,2024,TVING,"Romance, Fantasy","Lee Do-hyun, Go Youn-jung",10,8.8
The Final Test 2,2023,OCN,"Crime, Legal","Jin Goo, Kim Hyun-joo",16,8.9
Autumn Love 2,2024,Netflix,"Romance, Comedy","Lee Jun-ho, Yoona",8,8.7
The Lost Path 2,2023,KBS2,"Historical, Adventure","Na In-woo, Kim So-hye",20,8.6
Eternal Bond 2,2024,MBC,"Romance, Drama","Lee Jun-ho, IU",16,8.9
The Last Memory 2,2023,SBS,"Mystery, Romance","Kim Seon-ho, Park Eun-bin",16,8.8
Winter Heart 2,2024,JTBC,"Romance, Melodrama","Yoo Seung-ho, Park Ji-hyun",16,8.7
The Secret Code 2,2023,tvN,"Sci-Fi, Thriller","Park Bo-gum, Kim Tae-ri",12,8.9
Summer Magic 2,2024,TVING,"Fantasy, Romance","Song Kang, Lee Jae-wook",10,8.9
The Final Round 2,2023,OCN,"Sports, Drama","Jo In-sung, Lee Honey",16,8.8
Autumn Sky 2,2024,Netflix,"Romance, Slice-of-Life","Park Seo-joon, Han Hyo-joo",8,8.7
The Lost Star 2,2023,KBS2,"Historical, Romance","Lee Jun-ho, Kim Yoo-jung",20,8.6
Eternal Dream 2,2024,MBC,"Fantasy, Romance","ASTRO's Cha Eun-woo, Park So-dam",16,8.8
The Last Chance 2,2023,SBS,"Business, Drama","Ji Sung, Lee Bo-young",16,8.9
Winter Love 2,2024,JTBC,"Romance, Comedy","Kim Se-jeong, Ahn Hyo-seop",16,8.7
The Secret Mission 2,2023,tvN,"Action, Spy","Lee Dong-wook, Han Ji-min",12,8.9
Summer Heart 2,2024,TVING,"Romance, Youth","Choi Min-ho, Jung Chae-yeon",10,8.8
The Final Shot 2,2023,OCN,"Crime, Action","Jang Ki-yong, Lee Sun-bin",16,8.9
Autumn Wind 2,2024,Netflix,"Romance, Drama","Yook Sung-jae, Park Hye-su",8,8.7
The Lost Kingdom 3,2023,KBS2,"Historical, Political","Song Joong-ki, Kim Tae-ri",20,8.9
Eternal Hope 2,2024,MBC,"Romance, Melodrama","Lee Jun-ho, Shin Hye-sun",16,8.8
The Last Breath 2,2023,SBS,"Medical, Drama","Go Soo, Uhm Ji-won",16,8.9
Winter Light 2,2024,JTBC,"Romance, Fantasy","Park Bo-gum, Kim Go-eun",16,8.9
The Secret Love 2,2023,tvN,"Romance, Comedy","Yoon Shi-yoon, Park Se-wan",12,8.7
Summer Sun 2,2024,TVING,"Romance, Youth","Lee Do-hyun, Nana",10,8.8
The Final Word 2,2023,OCN,"Legal, Drama","Kim Myung-min, Ryu Hye-young",16,8.9
Autumn Leaf 2,2024,Netflix,"Romance, Historical","Lee Seung-gi, Bae Suzy",8,8.9
The Lost Princess 2,2023,KBS2,"Historical, Romance","Park Eun-bin, Rowoon",20,8.8
Eternal Faith 2,2024,MBC,"Romance, Drama","Kim Seon-ho, Seol In-ah",16,8.9
The Last Kiss 2,2023,SBS,"Romance, Melodrama","Ji Chang-wook, Kim Ji-won",16,8.9
Winter Snow 2,2024,JTBC,"Romance, Fantasy","ASTRO's Cha Eun-woo, Kim Yoo-jung",16,8.8
The Secret Wish 2,2023,tvN,"Fantasy, Romance","Park Hyung-sik, Han So-hee",12,8.9
Summer Rain 2,2024,TVING,"Romance, Drama","Song Kang, Park Joo-hyun",10,8.8
The Final Decision 2,2023,OCN,"Thriller, Mystery","Lee Joon-gi, Seo Ye-ji",16,8.9
Autumn Flower 2,2024,Netflix,"Romance, Comedy","Ahn Hyo-seop, Kim Se-jeong",8,8.7
The Lost Crown Prince 2,2023,KBS2,"Historical, Political","Lee Jun-ho, Shin Se-kyung",20,8.9
Eternal Vow 2,2024,MBC,"Romance, Drama","Park Seo-joon, Park Min-young",16,8.8
The Last Embrace 2,2023,SBS,"Romance, Melodrama","Yoo Seung-ho, Kim So-hyun",16,8.7
Winter Moon 2,2024,JTBC,"Fantasy, Romance","Lee Do-hyun, Go Min-si",16,8.9
The Secret Bond 2,2023,tvN,"Action, Brotherhood","Ji Chang-wook, Park Seo-joon",12,8.9
Summer Breeze 3,2024,TVING,"Romance, Youth","Choi Woo-shik, Kim Da-mi",10,8.8
The Final Victory 2,2023,OCN,"Sports, Drama","Jo In-sung, Son Ho-jun",16,8.9
Autumn Sun 2,2024,Netflix,"Romance, Slice-of-Life","Park Bo-gum, IU",8,8.9
My Lovely Sam Soon,2005,MBC,"Romance, Comedy","Kim Sun-ah, Hyun Bin",16,8.4
Full House,2004,KBS2,"Romance, Comedy","Song Hye-kyo, Rain",16,8.1
Winter Sonata,2002,KBS2,"Romance, Melodrama","Bae Yong-joon, Choi Ji-woo",20,8.3
Stairway to Heaven,2003,SBS,"Romance, Melodrama","Choi Ji-woo, Kwon Sang-woo",20,7.9
Jumong,2006,MBC,"Historical, Action","Song Il-gook, Han Hye-jin",81,8.7
Coffee Prince,2007,MBC,"Romance, Comedy","Yoon Eun-hye, Gong Yoo",17,8.7
Boys Over Flowers,2009,KBS2,"Romance, Comedy","Lee Min-ho, Ku Hye-sun",25,8.0
Secret Garden,2010,SBS,"Fantasy, Romance","Hyun Bin, Ha Ji-won",20,8.7
The Moon Embracing the Sun,2012,MBC,"Historical, Romance","Kim Soo-hyun, Han Ga-in",20,8.6
The Heirs,2013,SBS,"Romance, Drama","Lee Min-ho, Park Shin-hye",20,8.0
You Who Came From the Stars,2013,SBS,"Romance, Fantasy","Kim Soo-hyun, Jun Ji-hyun",21,8.5
Pinocchio,2014,SBS,"Romance, Drama","Lee Jong-suk, Park Shin-hye",20,8.3
Kill Me Heal Me,2015,MBC,"Romance, Comedy","Ji Sung, Hwang Jung-eum",20,8.7
She Was Pretty,2015,MBC,"Romance, Comedy","Hwang Jung-eum, Park Seo-joon",16,8.1
The Producers,2015,KBS2,"Comedy, Drama","Kim Soo-hyun, Cha Tae-hyun",12,7.9
Oh My Ghost,2015,tvN,"Romance, Comedy","Park Bo-young, Jo Jung-suk",16,8.3
Six Flying Dragons,2015,SBS,"Historical, Political","Yoo Ah-in, Kim Myung-min",50,8.9
W,2016,MBC,"Fantasy, Romance","Lee Jong-suk, Han Hyo-joo",16,8.2
Legend of the Blue Sea,2016,SBS,"Fantasy, Romance","Lee Min-ho, Jun Ji-hyun",20,8.2
Scarlet Heart Ryeo,2016,SBS,"Historical, Romance","Lee Joon-gi, IU",20,8.1
Doctors,2016,SBS,"Medical, Romance","Park Shin-hye, Kim Rae-won",20,8.0
Uncontrollably Fond,2016,KBS2,"Romance, Melodrama","Kim Woo-bin, Bae Suzy",20,7.8
The Legend of the Blue Sea,2016,SBS,"Fantasy, Romance","Lee Min-ho, Jun Ji-hyun",20,8.2
Strong Woman Do Bong-soon,2017,JTBC,"Romance, Comedy","Park Bo-young, Park Hyung-sik",16,8.7
Fight For My Way,2017,KBS2,"Romance, Comedy","Park Seo-joon, Kim Ji-won",16,8.2
Man to Man,2017,JTBC,"Action, Comedy","Park Hae-jin, Kim Min-jung",16,8.0
Suspicious Partner,2017,SBS,"Legal, Romance","Ji Chang-wook, Nam Ji-hyun",40,8.2
Temperature of Love,2017,SBS,"Romance, Drama","Seo Hyun-jin, Yang Se-jong",40,7.8
Because This Is My First Life,2017,tvN,"Romance, Drama","Lee Min-ki, Jung So-min",16,8.4
A Korean Odyssey,2017,tvN,"Fantasy, Romance","Lee Seung-gi, Cha Seung-won",20,8.1
Radio Romance,2018,KBS2,"Romance, Drama","Yoon Doo-joon, Kim So-hyun",16,7.5
Suits,2018,KBS2,"Legal, Drama","Park Hyung-sik, Jang Dong-gun",16,7.9
What's Wrong With Secretary Kim,2018,tvN,"Romance, Comedy","Park Seo-joon, Park Min-young",16,8.1
Are You Human?,2018,KBS2,"Sci-Fi, Romance","Seo Kang-joon, Gong Seung-yeon",36,7.8
The Smile Has Left Your Eyes,2018,tvN,"Romance, Melodrama","Seo In-guk, Jung So-min",16,8.0
Memories of the Alhambra,2018,tvN,"Sci-Fi, Romance","Hyun Bin, Park Shin-hye",16,7.8
The Last Empress,2018,SBS,"Drama, Romance","Jang Na-ra, Choi Jin-hyuk",52,8.1
My ID is Gangnam Beauty,2018,JTBC,"Romance, Drama","Cha Eun-woo, Im Soo-hyang",16,7.8
100 Days My Prince,2018,tvN,"Historical, Romance","Do Kyung-soo, Nam Ji-hyun",16,8.0
The Beauty Inside,2018,JTBC,"Romance, Fantasy","Seo Hyun-jin, Lee Min-ki",16,8.1
Clean with Passion for Now,2018,JTBC,"Romance, Comedy","Yoon Kyun-sang, Kim Yoo-jung",16,7.6
The Third Charm,2018,JTBC,"Romance, Drama","Seo Kang-joon, Esom",16,7.5
Where Stars Land,2018,SBS,"Romance, Drama","Lee Je-hoon, Chae Soo-bin",32,7.8
The Ghost Detective,2018,KBS2,"Mystery, Horror","Choi Daniel, Park Eun-bin",32,7.7
Player,2018,OCN,"Action, Crime","Song Seung-heon, Krystal Jung",14,7.9
The Guest,2018,OCN,"Horror, Mystery","Kim Dong-wook, Kim Jae-wook",16,8.3
Misty,2018,JTBC,"Drama, Thriller","Kim Nam-joo, Ji Jin-hee",16,8.2
Live,2018,tvN,"Drama, Crime","Lee Kwang-soo, Jung Yu-mi",18,8.3
Come and Hug Me,2018,MBC,"Romance, Thriller","Jang Ki-yong, Jin Ki-joo",32,8.1
Lawless Lawyer,2018,tvN,"Legal, Action","Lee Joon-gi, Seo Yea-ji",16,8.2
Your Honor,2018,SBS,"Legal, Drama","Yoon Shi-yoon, Lee Yoo-young",32,7.8
Life on Mars,2018,OCN,"Crime, Fantasy","Jung Kyung-ho, Park Sung-woong",16,8.6
Terius Behind Me,2018,MBC,"Action, Comedy","So Ji-sub, Jung In-sun",32,8.0
He Is Psychometric,2019,tvN,"Fantasy, Crime","Park Jinyoung, Shin Ye-eun",16,7.9
Abyss,2019,tvN,"Fantasy, Crime","Park Bo-young, Ahn Hyo-seop",16,7.5
Angel's Last Mission: Love,2019,KBS2,"Fantasy, Romance","Shin Hye-sun, Kim Myung-soo",16,8.0
Class of Lies,2019,OCN,"Mystery, Thriller","Yoon Kyun-sang, Geum Sae-rok",16,8.1
When the Devil Calls Your Name,2019,tvN,"Fantasy, Drama","Jung Kyung-ho, Park Sung-woong",16,8.0
Be Melodramatic,2019,JTBC,"Drama, Comedy","Chun Woo-hee, Jeon Yeo-been",16,8.4
Rookie Historian Goo Hae-ryung,2019,MBC,"Historical, Romance","Shin Se-kyung, Cha Eun-woo",20,8.0
Pegasus Market,2019,tvN,"Comedy, Business","Lee Dong-hwi, Kim Byung-chul",12,8.3
Love with Flaws,2019,MBC,"Romance, Comedy","Ahn Jae-hyun, Oh Yeon-seo",32,7.4
Black Dog: Being A Teacher,2019,tvN,"Drama, Education","Seo Hyun-jin, Ra Mi-ran",16,8.2
Psychopath Diary,2019,tvN,"Comedy, Thriller","Yoon Shi-yoon, Jung In-sun",16,7.9
365: Repeat the Year,2020,MBC,"Fantasy, Thriller","Lee Joon-hyuk, Nam Ji-hyun",24,8.3
A Piece of Your Mind,2020,tvN,"Romance, Drama","Jung Hae-in, Chae Soo-bin",12,7.8
Extracurricular,2020,Netflix,"Thriller, Crime","Kim Dong-hee, Park Ju-hyun",10,8.3
The King: Eternal Monarch,2020,SBS,"Fantasy, Romance","Lee Min-ho, Kim Go-eun",16,8.1
Good Casting,2020,SBS,"Action, Comedy","Choi Kang-hee, Yoo In-young",16,7.4
Mystic Pop-up Bar,2020,JTBC,"Fantasy, Comedy","Hwang Jung-eum, Yook Sung-jae",12,8.2
Soul Mechanic,2020,KBS2,"Medical, Drama","Shin Ha-kyun, Jung So-min",32,8.0
Oh My Baby,2020,tvN,"Romance, Comedy","Jang Na-ra, Go Joon",16,7.8
Team Bulldog: Off-Duty Investigation,2020,OCN,"Crime, Comedy","Cha Tae-hyun, Lee Sun-bin",12,7.9
My Unfamiliar Family,2020,tvN,"Drama, Family","Han Ye-ri, Kim Ji-seok",16,8.3
Was It Love?,2020,JTBC,"Romance, Drama","Song Ji-hyo, Son Ho-jun",16,7.3
Do You Like Brahms?,2020,SBS,"Romance, Musical","Park Eun-bin, Kim Min-jae",16,8.0
More Than Friends,2020,JTBC,"Romance, Drama","Ong Seong-wu, Shin Ye-eun",16,7.5
Search,2020,OCN,"Action, Military","Jang Dong-yoon, Krystal Jung",10,7.8
The Penthouse: War in Life 2,2021,SBS,"Drama, Thriller","Eugene, Kim So-yeon",13,7.9
